investor_id,avg_gap_days,status,state,age_group,gender
INV000004,85.4,At Risk,Punjab,26-35,Male
INV000008,70.4,At Risk,Punjab,26-35,Female
INV000010,64.8,At Risk,Maharashtra,36-45,Male
INV000011,40.2,At Risk,West Bengal,26-35,Male
INV000012,57.0,At Risk,Uttar Pradesh,46-55,Male
INV000013,55.3,At Risk,Maharashtra,18-25,Male
INV000014,75.3,At Risk,Tamil Nadu,18-25,Male
INV000023,58.6,At Risk,West Bengal,46-55,Female
INV000028,93.6,At Risk,Gujarat,18-25,Female
INV000029,60.7,At Risk,Rajasthan,26-35,Female
INV000030,47.6,At Risk,Delhi,18-25,Female
INV000033,45.6,At Risk,Delhi,36-45,Female
INV000039,68.6,At Risk,Madhya Pradesh,26-35,Male
INV000045,70.6,At Risk,Uttar Pradesh,36-45,Male
INV000048,46.0,At Risk,Rajasthan,36-45,Female
INV000052,36.2,At Risk,Tamil Nadu,26-35,Male
INV000056,74.8,At Risk,Haryana,26-35,Female
INV000057,49.7,At Risk,Tamil Nadu,36-45,Male
INV000069,49.1,At Risk,Gujarat,56+,Female
INV000072,83.0,At Risk,Gujarat,18-25,Female
INV000073,48.2,At Risk,Punjab,18-25,Male
INV000074,72.6,At Risk,Rajasthan,26-35,Female
INV000075,74.8,At Risk,Madhya Pradesh,36-45,Male
INV000076,91.8,At Risk,Gujarat,56+,Female
INV000079,65.8,At Risk,Gujarat,26-35,Male
INV000081,81.3,At Risk,Gujarat,36-45,Male
INV000082,83.7,At Risk,Rajasthan,26-35,Female
INV000086,44.7,At Risk,Karnataka,18-25,Female
INV000087,92.8,At Risk,Rajasthan,36-45,Male
INV000091,44.0,At Risk,Haryana,26-35,Male
INV000093,55.5,At Risk,Maharashtra,36-45,Female
INV000094,44.8,At Risk,West Bengal,18-25,Male
INV000095,69.4,At Risk,West Bengal,18-25,Male
INV000097,54.5,At Risk,Karnataka,18-25,Male
INV000101,65.0,At Risk,Madhya Pradesh,26-35,Male
INV000102,65.3,At Risk,Gujarat,26-35,Male
INV000103,83.4,At Risk,Punjab,26-35,Female
INV000105,57.0,At Risk,Punjab,56+,Male
INV000109,46.2,At Risk,Karnataka,26-35,Female
INV000113,46.0,At Risk,Punjab,26-35,Female
INV000123,59.7,At Risk,Punjab,46-55,Male
INV000128,82.0,At Risk,Rajasthan,36-45,Female
INV000131,56.0,At Risk,Telangana,36-45,Female
INV000132,71.0,At Risk,Karnataka,46-55,Female
INV000133,88.2,At Risk,Karnataka,26-35,Female
INV000138,76.2,At Risk,Telangana,26-35,Male
INV000145,89.4,At Risk,Delhi,26-35,Male
INV000146,66.8,At Risk,Delhi,26-35,Male
INV000148,52.0,At Risk,Telangana,18-25,Female
INV000155,37.3,At Risk,Madhya Pradesh,26-35,Female
INV000161,73.0,At Risk,Rajasthan,18-25,Female
INV000163,61.0,At Risk,Uttar Pradesh,46-55,Male
INV000164,61.8,At Risk,Rajasthan,18-25,Male
INV000169,67.8,At Risk,Rajasthan,26-35,Male
INV000173,57.7,At Risk,Maharashtra,26-35,Male
INV000175,83.7,At Risk,Karnataka,26-35,Male
INV000177,65.4,At Risk,Rajasthan,26-35,Male
INV000180,61.8,At Risk,Tamil Nadu,46-55,Female
INV000183,56.1,At Risk,Tamil Nadu,26-35,Male
INV000191,56.5,At Risk,Karnataka,26-35,Male
INV000194,58.0,At Risk,Maharashtra,36-45,Male
INV000195,77.4,At Risk,Madhya Pradesh,36-45,Female
INV000196,69.0,At Risk,Tamil Nadu,26-35,Male
INV000201,51.1,At Risk,Madhya Pradesh,46-55,Male
INV000205,62.6,At Risk,Haryana,18-25,Male
INV000210,70.7,At Risk,Rajasthan,26-35,Male
INV000214,94.8,At Risk,Madhya Pradesh,26-35,Female
INV000217,92.0,At Risk,Tamil Nadu,56+,Male
INV000228,59.8,At Risk,Karnataka,26-35,Male
INV000236,67.1,At Risk,Karnataka,36-45,Male
INV000238,93.6,At Risk,Telangana,36-45,Male
INV000239,48.9,At Risk,Punjab,36-45,Female
INV000243,88.2,At Risk,Punjab,26-35,Male
INV000245,92.2,At Risk,Punjab,26-35,Male
INV000249,45.5,At Risk,Punjab,26-35,Male
INV000252,50.4,At Risk,Gujarat,46-55,Female
INV000255,48.6,At Risk,Haryana,26-35,Female
INV000256,70.2,At Risk,Delhi,36-45,Male
INV000259,70.6,At Risk,Tamil Nadu,36-45,Male
INV000260,59.6,At Risk,Delhi,18-25,Male
INV000262,53.6,At Risk,Telangana,36-45,Male
INV000263,68.4,At Risk,Madhya Pradesh,56+,Male
INV000265,53.4,At Risk,Madhya Pradesh,36-45,Male
INV000268,62.3,At Risk,Haryana,18-25,Female
INV000279,43.4,At Risk,Gujarat,26-35,Male
INV000280,55.8,At Risk,Punjab,26-35,Female
INV000283,68.0,At Risk,West Bengal,46-55,Male
INV000287,69.8,At Risk,Uttar Pradesh,56+,Female
INV000289,62.7,At Risk,Delhi,36-45,Male
INV000291,89.0,At Risk,Madhya Pradesh,18-25,Female
INV000292,46.0,At Risk,Uttar Pradesh,18-25,Male
INV000293,47.0,At Risk,Karnataka,26-35,Female
INV000297,90.6,At Risk,Gujarat,26-35,Male
INV000299,85.2,At Risk,Delhi,26-35,Male
INV000304,70.0,At Risk,West Bengal,36-45,Male
INV000309,52.0,At Risk,Delhi,26-35,Male
INV000310,75.8,At Risk,Delhi,36-45,Male
INV000318,97.4,At Risk,Madhya Pradesh,46-55,Female
INV000319,73.5,At Risk,Maharashtra,56+,Male
INV000321,72.8,At Risk,Maharashtra,26-35,Male
INV000328,37.5,At Risk,Madhya Pradesh,26-35,Male
INV000331,50.7,At Risk,Madhya Pradesh,36-45,Male
INV000334,25.5,Regular,Uttar Pradesh,56+,Male
INV000335,96.0,At Risk,Maharashtra,26-35,Male
INV000339,94.0,At Risk,Uttar Pradesh,26-35,Male
INV000341,54.4,At Risk,Delhi,26-35,Male
INV000356,54.4,At Risk,Haryana,56+,Male
INV000359,54.1,At Risk,Tamil Nadu,18-25,Male
INV000363,77.0,At Risk,Madhya Pradesh,26-35,Male
INV000369,43.8,At Risk,Delhi,26-35,Male
INV000371,59.3,At Risk,Uttar Pradesh,26-35,Male
INV000372,54.5,At Risk,Gujarat,36-45,Male
INV000380,97.0,At Risk,Haryana,56+,Male
INV000388,53.6,At Risk,Maharashtra,36-45,Male
INV000392,77.2,At Risk,Gujarat,26-35,Female
INV000395,55.7,At Risk,Delhi,18-25,Male
INV000396,83.2,At Risk,Rajasthan,46-55,Male
INV000399,49.6,At Risk,Karnataka,26-35,Male
INV000400,62.6,At Risk,Punjab,26-35,Male
INV000403,58.2,At Risk,Rajasthan,18-25,Female
INV000407,82.4,At Risk,Tamil Nadu,36-45,Male
INV000408,46.8,At Risk,Punjab,56+,Male
INV000412,43.7,At Risk,Rajasthan,18-25,Male
INV000414,66.3,At Risk,Tamil Nadu,36-45,Male
INV000415,66.2,At Risk,Maharashtra,36-45,Female
INV000418,86.8,At Risk,Rajasthan,26-35,Female
INV000427,68.5,At Risk,Punjab,56+,Female
INV000428,52.1,At Risk,Delhi,36-45,Male
INV000429,77.2,At Risk,Gujarat,36-45,Female
INV000437,97.8,At Risk,Telangana,26-35,Female
INV000440,69.6,At Risk,Uttar Pradesh,18-25,Male
INV000441,60.8,At Risk,Tamil Nadu,26-35,Female
INV000444,73.2,At Risk,Maharashtra,36-45,Female
INV000445,57.8,At Risk,Madhya Pradesh,26-35,Female
INV000446,38.6,At Risk,Rajasthan,26-35,Female
INV000449,46.8,At Risk,Haryana,18-25,Male
INV000452,49.4,At Risk,Tamil Nadu,26-35,Male
INV000457,91.4,At Risk,Haryana,26-35,Female
INV000460,43.4,At Risk,Delhi,36-45,Male
INV000463,65.2,At Risk,Gujarat,26-35,Male
INV000466,73.3,At Risk,Haryana,18-25,Male
INV000467,56.7,At Risk,Karnataka,18-25,Female
INV000469,70.5,At Risk,Tamil Nadu,18-25,Male
INV000483,70.4,At Risk,Haryana,18-25,Male
INV000491,95.0,At Risk,Madhya Pradesh,56+,Male
INV000493,47.6,At Risk,Punjab,18-25,Male
INV000497,71.8,At Risk,Madhya Pradesh,36-45,Male
INV000499,77.8,At Risk,Delhi,36-45,Female
INV000507,70.2,At Risk,Gujarat,36-45,Male
INV000512,54.8,At Risk,Punjab,46-55,Male
INV000522,100.8,At Risk,Punjab,26-35,Female
INV000524,55.0,At Risk,West Bengal,56+,Male
INV000527,50.8,At Risk,Telangana,26-35,Male
INV000529,59.2,At Risk,Maharashtra,18-25,Male
INV000531,47.0,At Risk,Delhi,56+,Male
INV000539,77.0,At Risk,Haryana,26-35,Female
INV000540,73.5,At Risk,Tamil Nadu,26-35,Female
INV000543,83.7,At Risk,Haryana,36-45,Male
INV000545,80.6,At Risk,Telangana,26-35,Male
INV000546,55.0,At Risk,Karnataka,26-35,Male
INV000547,55.8,At Risk,West Bengal,26-35,Male
INV000549,96.2,At Risk,Tamil Nadu,46-55,Female
INV000553,72.0,At Risk,Rajasthan,36-45,Male
INV000554,70.2,At Risk,Delhi,36-45,Male
INV000556,52.4,At Risk,Rajasthan,18-25,Male
INV000562,74.4,At Risk,Gujarat,36-45,Male
INV000563,76.3,At Risk,Uttar Pradesh,26-35,Male
INV000566,35.0,Regular,Uttar Pradesh,36-45,Male
INV000567,63.8,At Risk,Delhi,26-35,Male
INV000568,62.4,At Risk,Delhi,36-45,Male
INV000570,67.3,At Risk,Madhya Pradesh,26-35,Male
INV000573,50.8,At Risk,Madhya Pradesh,56+,Female
INV000575,71.6,At Risk,Punjab,26-35,Female
INV000578,66.8,At Risk,Maharashtra,26-35,Male
INV000581,78.3,At Risk,Tamil Nadu,36-45,Male
INV000586,44.5,At Risk,West Bengal,36-45,Male
INV000589,59.1,At Risk,Uttar Pradesh,18-25,Female
INV000591,64.5,At Risk,Karnataka,18-25,Male
INV000593,74.2,At Risk,Telangana,56+,Male
INV000596,51.8,At Risk,Madhya Pradesh,56+,Male
INV000597,88.6,At Risk,Gujarat,46-55,Male
INV000599,81.5,At Risk,Gujarat,36-45,Male
INV000607,66.7,At Risk,Rajasthan,56+,Male
INV000608,100.2,At Risk,Haryana,46-55,Male
INV000609,47.0,At Risk,Tamil Nadu,18-25,Male
INV000612,49.3,At Risk,Punjab,18-25,Male
INV000615,55.8,At Risk,Punjab,36-45,Male
INV000624,31.7,Regular,West Bengal,56+,Male
INV000625,86.4,At Risk,Rajasthan,46-55,Female
INV000630,68.7,At Risk,Uttar Pradesh,26-35,Male
INV000631,54.0,At Risk,Delhi,36-45,Female
INV000634,52.2,At Risk,Karnataka,26-35,Female
INV000635,75.0,At Risk,Delhi,18-25,Female
INV000641,54.8,At Risk,Punjab,26-35,Male
INV000642,53.5,At Risk,Gujarat,26-35,Male
INV000645,66.0,At Risk,Karnataka,18-25,Male
INV000646,62.3,At Risk,Uttar Pradesh,26-35,Female
INV000651,94.0,At Risk,Delhi,18-25,Male
INV000652,93.8,At Risk,Delhi,26-35,Male
INV000657,64.7,At Risk,Tamil Nadu,26-35,Female
INV000662,66.1,At Risk,Gujarat,36-45,Female
INV000663,94.4,At Risk,Haryana,26-35,Female
INV000665,36.2,At Risk,Rajasthan,26-35,Female
INV000667,68.0,At Risk,Telangana,26-35,Male
INV000673,92.8,At Risk,Maharashtra,36-45,Male
INV000675,62.8,At Risk,Uttar Pradesh,36-45,Male
INV000676,35.3,At Risk,Rajasthan,56+,Male
INV000678,63.3,At Risk,Gujarat,26-35,Male
INV000683,54.5,At Risk,Maharashtra,26-35,Female
INV000690,56.3,At Risk,Delhi,46-55,Male
INV000691,66.4,At Risk,Tamil Nadu,18-25,Female
INV000698,52.2,At Risk,Madhya Pradesh,18-25,Male
INV000699,42.8,At Risk,Rajasthan,18-25,Male
INV000701,83.7,At Risk,West Bengal,36-45,Female
INV000707,34.4,Regular,Karnataka,36-45,Female
INV000709,65.2,At Risk,Telangana,26-35,Female
INV000710,88.6,At Risk,Delhi,26-35,Male
INV000714,37.0,At Risk,Uttar Pradesh,26-35,Female
INV000718,57.8,At Risk,Delhi,26-35,Male
INV000719,72.8,At Risk,Tamil Nadu,18-25,Male
INV000724,81.2,At Risk,Uttar Pradesh,46-55,Male
INV000725,67.7,At Risk,Telangana,18-25,Male
INV000734,64.0,At Risk,Maharashtra,26-35,Female
INV000737,92.6,At Risk,Madhya Pradesh,26-35,Female
INV000747,84.6,At Risk,West Bengal,36-45,Female
INV000750,26.5,Regular,Delhi,26-35,Male
INV000751,53.0,At Risk,Uttar Pradesh,36-45,Male
INV000754,72.3,At Risk,West Bengal,26-35,Male
INV000759,83.0,At Risk,Gujarat,26-35,Male
INV000761,75.2,At Risk,Rajasthan,18-25,Female
INV000768,60.0,At Risk,Delhi,56+,Male
INV000772,46.0,At Risk,Karnataka,56+,Female
INV000774,73.7,At Risk,Telangana,36-45,Male
INV000776,59.4,At Risk,Rajasthan,26-35,Male
INV000777,66.0,At Risk,Uttar Pradesh,26-35,Male
INV000778,59.7,At Risk,Haryana,26-35,Male
INV000779,75.0,At Risk,Gujarat,36-45,Male
INV000783,89.8,At Risk,Gujarat,46-55,Male
INV000785,32.6,Regular,Tamil Nadu,36-45,Male
INV000786,64.1,At Risk,Madhya Pradesh,26-35,Male
INV000789,55.1,At Risk,Gujarat,56+,Male
INV000793,69.1,At Risk,West Bengal,26-35,Female
INV000803,77.2,At Risk,Karnataka,26-35,Female
INV000814,94.0,At Risk,Delhi,26-35,Male
INV000822,55.5,At Risk,Punjab,26-35,Male
INV000823,39.7,At Risk,Madhya Pradesh,46-55,Male
INV000827,58.3,At Risk,Maharashtra,36-45,Male
INV000830,72.2,At Risk,Tamil Nadu,36-45,Female
INV000833,67.3,At Risk,Maharashtra,18-25,Male
INV000836,84.8,At Risk,Haryana,26-35,Male
INV000843,55.6,At Risk,Maharashtra,26-35,Male
INV000844,66.2,At Risk,Gujarat,26-35,Male
INV000847,47.8,At Risk,West Bengal,26-35,Female
INV000853,49.3,At Risk,Punjab,26-35,Female
INV000854,61.2,At Risk,Karnataka,46-55,Female
INV000858,44.9,At Risk,Tamil Nadu,36-45,Female
INV000862,91.2,At Risk,Uttar Pradesh,26-35,Female
INV000864,40.8,At Risk,Tamil Nadu,26-35,Female
INV000865,45.8,At Risk,Tamil Nadu,26-35,Male
INV000869,65.4,At Risk,West Bengal,26-35,Female
INV000873,73.5,At Risk,Uttar Pradesh,26-35,Male
INV000874,62.1,At Risk,Tamil Nadu,56+,Male
INV000877,59.4,At Risk,Telangana,36-45,Female
INV000881,46.1,At Risk,Uttar Pradesh,26-35,Male
INV000887,65.7,At Risk,Tamil Nadu,36-45,Male
INV000888,80.3,At Risk,Gujarat,26-35,Male
INV000893,59.5,At Risk,Punjab,46-55,Male
INV000894,55.0,At Risk,Tamil Nadu,36-45,Female
INV000901,54.0,At Risk,Delhi,46-55,Female
INV000907,59.2,At Risk,Karnataka,46-55,Female
INV000920,75.6,At Risk,Delhi,56+,Male
INV000926,80.0,At Risk,Delhi,36-45,Male
INV000929,58.2,At Risk,West Bengal,36-45,Female
INV000930,32.4,Regular,Rajasthan,18-25,Female
INV000935,30.9,Regular,Telangana,36-45,Male
INV000939,60.6,At Risk,Karnataka,26-35,Male
INV000942,53.0,At Risk,Haryana,56+,Male
INV000949,67.5,At Risk,Tamil Nadu,26-35,Male
INV000950,91.0,At Risk,Punjab,36-45,Male
INV000971,46.8,At Risk,Maharashtra,36-45,Male
INV000974,73.5,At Risk,Maharashtra,46-55,Male
INV000977,48.8,At Risk,Karnataka,56+,Male
INV000979,79.8,At Risk,Karnataka,26-35,Male
INV000980,44.4,At Risk,West Bengal,18-25,Female
INV000981,50.4,At Risk,West Bengal,36-45,Female
INV000986,60.8,At Risk,Tamil Nadu,26-35,Male
INV000994,63.8,At Risk,Maharashtra,26-35,Female
INV001001,60.3,At Risk,Madhya Pradesh,26-35,Female
INV001002,41.7,At Risk,Telangana,36-45,Male
INV001005,93.6,At Risk,Karnataka,46-55,Male
INV001008,64.7,At Risk,Rajasthan,46-55,Male
INV001013,96.8,At Risk,Telangana,36-45,Male
INV001017,67.0,At Risk,West Bengal,26-35,Female
INV001019,44.9,At Risk,Madhya Pradesh,26-35,Male
INV001021,68.7,At Risk,Maharashtra,56+,Male
INV001023,72.4,At Risk,Gujarat,36-45,Male
INV001025,38.8,At Risk,Maharashtra,18-25,Male
INV001026,69.4,At Risk,Haryana,26-35,Male
INV001037,42.0,At Risk,Haryana,36-45,Female
INV001039,66.2,At Risk,Gujarat,36-45,Male
INV001041,83.0,At Risk,Madhya Pradesh,18-25,Male
INV001047,66.2,At Risk,Tamil Nadu,56+,Female
INV001048,47.0,At Risk,Delhi,46-55,Male
INV001051,54.1,At Risk,Haryana,26-35,Male
INV001053,55.9,At Risk,West Bengal,46-55,Female
INV001055,93.2,At Risk,Haryana,26-35,Female
INV001060,53.4,At Risk,Telangana,36-45,Male
INV001061,51.1,At Risk,Punjab,18-25,Male
INV001063,43.3,At Risk,Haryana,26-35,Male
INV001064,59.5,At Risk,West Bengal,46-55,Male
INV001069,41.3,At Risk,Telangana,26-35,Male
INV001070,97.0,At Risk,Tamil Nadu,26-35,Male
INV001092,77.3,At Risk,Haryana,26-35,Male
INV001099,26.1,Regular,Haryana,26-35,Female
INV001102,55.3,At Risk,West Bengal,46-55,Male
INV001115,81.4,At Risk,Uttar Pradesh,26-35,Male
INV001116,58.1,At Risk,Haryana,36-45,Male
INV001117,61.7,At Risk,Punjab,18-25,Male
INV001130,76.8,At Risk,Rajasthan,18-25,Female
INV001137,57.0,At Risk,West Bengal,56+,Female
INV001140,60.4,At Risk,Uttar Pradesh,36-45,Female
INV001141,97.6,At Risk,West Bengal,18-25,Female
INV001142,42.8,At Risk,Uttar Pradesh,26-35,Male
INV001156,102.4,At Risk,Madhya Pradesh,56+,Female
INV001160,57.6,At Risk,Karnataka,36-45,Female
INV001161,80.6,At Risk,Uttar Pradesh,26-35,Male
INV001163,67.3,At Risk,Karnataka,26-35,Male
INV001167,96.2,At Risk,Punjab,36-45,Male
INV001170,68.2,At Risk,Karnataka,36-45,Male
INV001173,67.0,At Risk,Punjab,26-35,Female
INV001178,79.7,At Risk,West Bengal,26-35,Female
INV001180,74.4,At Risk,Telangana,26-35,Male
INV001181,67.4,At Risk,West Bengal,26-35,Male
INV001190,97.0,At Risk,Maharashtra,26-35,Male
INV001195,53.4,At Risk,Gujarat,26-35,Male
INV001196,92.2,At Risk,Punjab,26-35,Male
INV001202,58.0,At Risk,Karnataka,26-35,Male
INV001206,83.6,At Risk,Delhi,26-35,Male
INV001208,51.8,At Risk,Gujarat,56+,Male
INV001210,36.9,At Risk,Uttar Pradesh,36-45,Male
INV001217,60.1,At Risk,Rajasthan,26-35,Male
INV001219,50.9,At Risk,West Bengal,26-35,Male
INV001220,77.2,At Risk,Punjab,36-45,Male
INV001223,70.8,At Risk,Punjab,56+,Male
INV001234,60.6,At Risk,Uttar Pradesh,26-35,Male
INV001235,59.0,At Risk,Haryana,26-35,Male
INV001237,98.0,At Risk,West Bengal,26-35,Male
INV001238,68.5,At Risk,Haryana,26-35,Male
INV001242,69.8,At Risk,Tamil Nadu,36-45,Male
INV001251,82.0,At Risk,Punjab,26-35,Female
INV001262,44.8,At Risk,Karnataka,26-35,Male
INV001274,73.3,At Risk,Maharashtra,36-45,Female
INV001275,66.7,At Risk,Delhi,36-45,Female
INV001282,67.0,At Risk,West Bengal,18-25,Female
INV001287,92.2,At Risk,Telangana,36-45,Female
INV001288,45.7,At Risk,Telangana,26-35,Male
INV001291,76.2,At Risk,Uttar Pradesh,46-55,Male
INV001295,50.8,At Risk,Madhya Pradesh,36-45,Male
INV001298,71.8,At Risk,Delhi,26-35,Female
INV001299,51.2,At Risk,Haryana,26-35,Male
INV001304,97.6,At Risk,Gujarat,26-35,Male
INV001308,54.6,At Risk,Rajasthan,36-45,Male
INV001310,81.2,At Risk,Telangana,46-55,Male
INV001314,50.4,At Risk,Gujarat,26-35,Female
INV001315,51.8,At Risk,Telangana,46-55,Female
INV001316,92.4,At Risk,Punjab,18-25,Male
INV001317,84.8,At Risk,Punjab,26-35,Female
INV001318,46.2,At Risk,Telangana,36-45,Male
INV001326,69.4,At Risk,Rajasthan,46-55,Male
INV001329,68.2,At Risk,Punjab,36-45,Female
INV001331,94.2,At Risk,Gujarat,26-35,Male
INV001332,80.0,At Risk,Uttar Pradesh,26-35,Female
INV001333,78.7,At Risk,Haryana,26-35,Female
INV001336,65.9,At Risk,Tamil Nadu,18-25,Male
INV001348,47.8,At Risk,Haryana,26-35,Female
INV001351,70.5,At Risk,Uttar Pradesh,26-35,Male
INV001355,60.2,At Risk,Tamil Nadu,46-55,Female
INV001356,79.2,At Risk,Gujarat,26-35,Male
INV001359,72.5,At Risk,Haryana,36-45,Female
INV001361,50.5,At Risk,West Bengal,26-35,Female
INV001367,99.0,At Risk,Maharashtra,36-45,Male
INV001375,78.5,At Risk,Haryana,18-25,Male
INV001376,78.7,At Risk,Gujarat,26-35,Male
INV001383,56.1,At Risk,Maharashtra,26-35,Male
INV001387,57.2,At Risk,Tamil Nadu,36-45,Male
INV001394,63.6,At Risk,Karnataka,56+,Male
INV001400,76.8,At Risk,Tamil Nadu,36-45,Male
INV001401,68.6,At Risk,Tamil Nadu,26-35,Male
INV001406,47.7,At Risk,Telangana,46-55,Male
INV001407,45.2,At Risk,Rajasthan,26-35,Female
INV001415,68.1,At Risk,Haryana,56+,Male
INV001418,88.6,At Risk,Delhi,36-45,Male
INV001419,85.8,At Risk,Delhi,26-35,Male
INV001423,48.6,At Risk,Madhya Pradesh,18-25,Female
INV001428,79.4,At Risk,Delhi,26-35,Male
INV001432,71.4,At Risk,Uttar Pradesh,36-45,Male
INV001434,80.6,At Risk,Maharashtra,46-55,Male
INV001442,57.1,At Risk,Uttar Pradesh,26-35,Male
INV001454,73.0,At Risk,Tamil Nadu,26-35,Male
INV001455,64.7,At Risk,Madhya Pradesh,36-45,Male
INV001457,43.8,At Risk,Gujarat,26-35,Male
INV001458,59.8,At Risk,Tamil Nadu,46-55,Male
INV001466,44.6,At Risk,Delhi,46-55,Female
INV001472,79.0,At Risk,West Bengal,18-25,Male
INV001482,80.6,At Risk,Madhya Pradesh,46-55,Female
INV001485,55.0,At Risk,Rajasthan,56+,Female
INV001491,98.8,At Risk,Tamil Nadu,56+,Male
INV001497,63.0,At Risk,Maharashtra,36-45,Male
INV001504,54.2,At Risk,Haryana,36-45,Male
INV001507,86.2,At Risk,Uttar Pradesh,26-35,Male
INV001510,66.8,At Risk,Gujarat,26-35,Male
INV001514,51.8,At Risk,Delhi,46-55,Male
INV001516,56.8,At Risk,Tamil Nadu,26-35,Male
INV001526,50.4,At Risk,Madhya Pradesh,26-35,Female
INV001530,64.7,At Risk,Telangana,26-35,Male
INV001532,56.8,At Risk,Madhya Pradesh,36-45,Female
INV001536,69.0,At Risk,Karnataka,26-35,Male
INV001545,92.8,At Risk,Madhya Pradesh,26-35,Male
INV001547,72.2,At Risk,Tamil Nadu,36-45,Male
INV001548,80.6,At Risk,Delhi,26-35,Male
INV001550,79.0,At Risk,Punjab,18-25,Male
INV001551,61.8,At Risk,Tamil Nadu,26-35,Female
INV001562,44.2,At Risk,Delhi,26-35,Male
INV001564,55.7,At Risk,Haryana,46-55,Male
INV001569,83.4,At Risk,Punjab,46-55,Male
INV001579,75.0,At Risk,Karnataka,46-55,Male
INV001580,45.7,At Risk,Punjab,26-35,Male
INV001585,56.6,At Risk,Telangana,36-45,Male
INV001587,65.0,At Risk,Punjab,26-35,Male
INV001597,56.0,At Risk,West Bengal,36-45,Male
INV001599,58.2,At Risk,Haryana,36-45,Female
INV001602,93.8,At Risk,West Bengal,36-45,Male
INV001603,54.5,At Risk,Uttar Pradesh,46-55,Female
INV001605,60.6,At Risk,Uttar Pradesh,26-35,Female
INV001606,67.7,At Risk,Punjab,26-35,Female
INV001616,53.0,At Risk,Tamil Nadu,26-35,Male
INV001623,92.0,At Risk,Gujarat,26-35,Female
INV001625,72.0,At Risk,Uttar Pradesh,46-55,Female
INV001628,51.7,At Risk,Rajasthan,36-45,Female
INV001629,67.5,At Risk,Madhya Pradesh,26-35,Male
INV001631,57.0,At Risk,Haryana,36-45,Male
INV001636,48.9,At Risk,Rajasthan,18-25,Male
INV001641,88.4,At Risk,Haryana,26-35,Male
INV001644,65.6,At Risk,Madhya Pradesh,18-25,Female
INV001645,67.6,At Risk,Uttar Pradesh,46-55,Male
INV001649,51.7,At Risk,Telangana,36-45,Male
INV001651,78.7,At Risk,Gujarat,18-25,Male
INV001653,55.2,At Risk,Maharashtra,36-45,Male
INV001654,56.0,At Risk,Uttar Pradesh,36-45,Female
INV001656,59.9,At Risk,Madhya Pradesh,26-35,Male
INV001662,60.2,At Risk,Delhi,36-45,Male
INV001672,34.0,Regular,Maharashtra,18-25,Male
INV001673,49.3,At Risk,West Bengal,26-35,Male
INV001680,58.9,At Risk,Madhya Pradesh,26-35,Male
INV001683,72.5,At Risk,Haryana,26-35,Male
INV001689,83.6,At Risk,Haryana,36-45,Male
INV001690,81.2,At Risk,Rajasthan,36-45,Male
INV001691,82.0,At Risk,Maharashtra,26-35,Male
INV001694,66.1,At Risk,Punjab,46-55,Female
INV001697,62.5,At Risk,Haryana,18-25,Male
INV001699,83.2,At Risk,Madhya Pradesh,26-35,Male
INV001709,51.8,At Risk,Delhi,36-45,Male
INV001711,65.8,At Risk,Madhya Pradesh,46-55,Male
INV001712,66.6,At Risk,West Bengal,18-25,Male
INV001715,68.3,At Risk,Gujarat,18-25,Male
INV001718,84.0,At Risk,Gujarat,26-35,Male
INV001724,69.7,At Risk,Madhya Pradesh,26-35,Female
INV001728,50.6,At Risk,Karnataka,26-35,Male
INV001737,56.8,At Risk,Telangana,26-35,Female
INV001738,47.5,At Risk,Karnataka,36-45,Female
INV001739,52.5,At Risk,West Bengal,36-45,Female
INV001741,89.4,At Risk,Rajasthan,36-45,Male
INV001744,78.5,At Risk,Karnataka,26-35,Male
INV001752,69.3,At Risk,Rajasthan,26-35,Female
INV001753,42.8,At Risk,Rajasthan,26-35,Male
INV001757,55.6,At Risk,Telangana,46-55,Male
INV001759,49.6,At Risk,Haryana,36-45,Female
INV001769,98.0,At Risk,Punjab,18-25,Male
INV001772,95.0,At Risk,Telangana,36-45,Male
INV001775,29.1,Regular,Uttar Pradesh,26-35,Female
INV001777,57.6,At Risk,West Bengal,18-25,Female
INV001778,63.6,At Risk,Maharashtra,26-35,Male
INV001797,79.7,At Risk,Punjab,26-35,Female
INV001800,49.7,At Risk,Tamil Nadu,26-35,Female
INV001802,61.7,At Risk,Punjab,46-55,Male
INV001803,59.0,At Risk,Rajasthan,26-35,Female
INV001804,55.9,At Risk,Punjab,26-35,Male
INV001806,60.0,At Risk,Telangana,36-45,Male
INV001809,95.6,At Risk,Telangana,46-55,Male
INV001811,54.2,At Risk,Punjab,18-25,Male
INV001822,19.8,Regular,Gujarat,36-45,Male
INV001823,58.1,At Risk,Tamil Nadu,26-35,Male
INV001826,51.2,At Risk,Punjab,18-25,Male
INV001828,44.4,At Risk,Gujarat,36-45,Male
INV001831,72.8,At Risk,Madhya Pradesh,18-25,Female
INV001837,62.8,At Risk,Uttar Pradesh,18-25,Male
INV001841,56.2,At Risk,Madhya Pradesh,36-45,Male
INV001853,47.4,At Risk,Delhi,18-25,Male
INV001858,55.1,At Risk,Punjab,36-45,Male
INV001865,63.5,At Risk,Telangana,18-25,Female
INV001866,58.8,At Risk,Telangana,36-45,Female
INV001870,76.0,At Risk,Madhya Pradesh,26-35,Male
INV001871,55.0,At Risk,Delhi,56+,Male
INV001883,99.2,At Risk,Maharashtra,46-55,Male
INV001885,71.2,At Risk,Karnataka,26-35,Male
INV001886,50.8,At Risk,Haryana,18-25,Male
INV001890,102.6,At Risk,Madhya Pradesh,26-35,Male
INV001891,96.4,At Risk,West Bengal,26-35,Male
INV001909,62.1,At Risk,Telangana,36-45,Male
INV001912,86.4,At Risk,Haryana,26-35,Male
INV001920,39.0,At Risk,Madhya Pradesh,36-45,Female
INV001921,68.6,At Risk,Gujarat,26-35,Female
INV001923,80.7,At Risk,Gujarat,18-25,Female
INV001924,59.2,At Risk,Karnataka,18-25,Male
INV001927,58.8,At Risk,Rajasthan,56+,Male
INV001929,66.2,At Risk,Rajasthan,56+,Male
INV001937,60.4,At Risk,Haryana,18-25,Male
INV001938,43.0,At Risk,Karnataka,26-35,Male
INV001943,74.4,At Risk,West Bengal,56+,Female
INV001950,60.2,At Risk,Maharashtra,26-35,Female
INV001951,58.8,At Risk,Punjab,26-35,Male
INV001954,86.8,At Risk,Uttar Pradesh,26-35,Male
INV001955,76.0,At Risk,Madhya Pradesh,26-35,Female
INV001961,83.4,At Risk,Delhi,26-35,Male
INV001969,79.2,At Risk,Uttar Pradesh,26-35,Male
INV001971,54.7,At Risk,Gujarat,26-35,Male
INV001972,42.4,At Risk,Uttar Pradesh,18-25,Male
INV001978,83.2,At Risk,Telangana,36-45,Male
INV001979,55.4,At Risk,Maharashtra,26-35,Male
INV001982,85.8,At Risk,Karnataka,26-35,Male
INV001986,47.7,At Risk,Madhya Pradesh,36-45,Female
INV001987,67.0,At Risk,Tamil Nadu,18-25,Male
INV001990,45.3,At Risk,Punjab,26-35,Male
INV001993,56.6,At Risk,Uttar Pradesh,36-45,Female
INV001995,48.6,At Risk,Gujarat,26-35,Male
INV001997,88.6,At Risk,Delhi,56+,Female
INV002001,84.8,At Risk,Uttar Pradesh,36-45,Female
INV002006,73.6,At Risk,Punjab,26-35,Male
INV002010,74.6,At Risk,Uttar Pradesh,56+,Male
INV002017,44.7,At Risk,Karnataka,26-35,Female
INV002018,63.6,At Risk,Uttar Pradesh,26-35,Female
INV002019,68.8,At Risk,Delhi,36-45,Male
INV002025,55.8,At Risk,Karnataka,26-35,Female
INV002033,55.0,At Risk,Gujarat,46-55,Male
INV002034,69.0,At Risk,Uttar Pradesh,26-35,Male
INV002037,33.2,Regular,Delhi,56+,Male
INV002038,84.0,At Risk,Madhya Pradesh,26-35,Male
INV002051,78.6,At Risk,Gujarat,46-55,Female
INV002052,44.2,At Risk,Uttar Pradesh,36-45,Male
INV002069,47.6,At Risk,West Bengal,46-55,Male
INV002070,81.3,At Risk,Telangana,36-45,Male
INV002083,51.7,At Risk,Gujarat,26-35,Male
INV002085,65.0,At Risk,Telangana,56+,Female
INV002090,90.2,At Risk,Maharashtra,26-35,Male
INV002092,33.5,Regular,Punjab,18-25,Male
INV002101,80.2,At Risk,Uttar Pradesh,26-35,Male
INV002102,44.8,At Risk,Madhya Pradesh,26-35,Male
INV002107,71.1,At Risk,Telangana,26-35,Male
INV002111,62.4,At Risk,Telangana,36-45,Female
INV002119,78.0,At Risk,Tamil Nadu,26-35,Female
INV002121,68.5,At Risk,Madhya Pradesh,18-25,Female
INV002122,40.3,At Risk,Gujarat,46-55,Male
INV002127,60.2,At Risk,Rajasthan,18-25,Male
INV002134,82.7,At Risk,Rajasthan,26-35,Male
INV002138,91.8,At Risk,Karnataka,46-55,Female
INV002142,45.5,At Risk,Tamil Nadu,18-25,Male
INV002143,63.6,At Risk,Uttar Pradesh,26-35,Male
INV002149,42.3,At Risk,Tamil Nadu,26-35,Male
INV002150,73.6,At Risk,Uttar Pradesh,26-35,Female
INV002151,60.4,At Risk,Rajasthan,26-35,Female
INV002153,67.8,At Risk,Maharashtra,18-25,Female
INV002154,89.4,At Risk,Uttar Pradesh,36-45,Male
INV002155,78.0,At Risk,Telangana,56+,Male
INV002157,58.5,At Risk,Punjab,26-35,Male
INV002159,65.0,At Risk,Haryana,26-35,Male
INV002162,58.4,At Risk,Madhya Pradesh,46-55,Male
INV002166,99.2,At Risk,Haryana,36-45,Male
INV002171,55.8,At Risk,Telangana,56+,Male
INV002177,73.0,At Risk,Haryana,26-35,Male
INV002178,66.4,At Risk,Gujarat,36-45,Female
INV002179,54.1,At Risk,Haryana,26-35,Female
INV002182,70.5,At Risk,Madhya Pradesh,36-45,Male
INV002185,48.4,At Risk,Punjab,26-35,Male
INV002186,74.8,At Risk,Haryana,18-25,Female
INV002187,67.8,At Risk,Tamil Nadu,36-45,Male
INV002195,49.2,At Risk,Telangana,26-35,Male
INV002196,62.1,At Risk,Delhi,26-35,Female
INV002198,43.0,At Risk,Delhi,36-45,Female
INV002199,50.8,At Risk,Gujarat,26-35,Male
INV002202,70.4,At Risk,Madhya Pradesh,18-25,Female
INV002206,49.0,At Risk,Tamil Nadu,18-25,Male
INV002208,71.3,At Risk,Punjab,56+,Male
INV002211,63.8,At Risk,Gujarat,26-35,Male
INV002216,61.7,At Risk,Maharashtra,46-55,Male
INV002218,67.8,At Risk,Punjab,36-45,Male
INV002219,70.9,At Risk,Karnataka,26-35,Male
INV002228,68.6,At Risk,Uttar Pradesh,18-25,Male
INV002229,64.6,At Risk,Rajasthan,36-45,Male
INV002230,57.6,At Risk,Delhi,36-45,Male
INV002232,69.2,At Risk,Karnataka,26-35,Female
INV002236,73.7,At Risk,Delhi,26-35,Male
INV002237,51.7,At Risk,Uttar Pradesh,46-55,Male
INV002240,77.8,At Risk,Haryana,26-35,Male
INV002241,65.7,At Risk,Punjab,36-45,Female
INV002251,62.6,At Risk,Punjab,26-35,Female
INV002256,75.6,At Risk,Rajasthan,46-55,Male
INV002259,45.3,At Risk,Madhya Pradesh,18-25,Female
INV002260,77.8,At Risk,Telangana,26-35,Female
INV002265,63.2,At Risk,Rajasthan,18-25,Female
INV002277,67.3,At Risk,Haryana,26-35,Female
INV002280,71.7,At Risk,Karnataka,18-25,Male
INV002282,53.2,At Risk,West Bengal,36-45,Male
INV002284,85.0,At Risk,Karnataka,36-45,Male
INV002290,61.6,At Risk,Gujarat,36-45,Male
INV002294,48.7,At Risk,Haryana,26-35,Male
INV002295,64.5,At Risk,Telangana,26-35,Female
INV002298,23.2,Regular,Maharashtra,56+,Male
INV002304,42.6,At Risk,Karnataka,46-55,Male
INV002315,71.8,At Risk,Haryana,18-25,Male
INV002319,60.0,At Risk,Karnataka,26-35,Male
INV002322,63.4,At Risk,Tamil Nadu,18-25,Male
INV002327,76.4,At Risk,Punjab,26-35,Male
INV002329,57.0,At Risk,Madhya Pradesh,56+,Male
INV002342,74.2,At Risk,Maharashtra,26-35,Male
INV002343,57.8,At Risk,Punjab,26-35,Male
INV002347,40.5,At Risk,Delhi,26-35,Female
INV002348,94.4,At Risk,Uttar Pradesh,26-35,Male
INV002349,52.2,At Risk,Punjab,26-35,Female
INV002351,77.2,At Risk,Gujarat,36-45,Male
INV002357,68.3,At Risk,Delhi,26-35,Male
INV002360,56.1,At Risk,Maharashtra,26-35,Male
INV002361,55.4,At Risk,Gujarat,36-45,Male
INV002367,52.5,At Risk,Telangana,26-35,Male
INV002368,61.2,At Risk,Telangana,26-35,Male
INV002369,60.0,At Risk,Madhya Pradesh,36-45,Male
INV002370,70.2,At Risk,Delhi,26-35,Male
INV002372,95.2,At Risk,Maharashtra,36-45,Female
INV002373,70.1,At Risk,Maharashtra,36-45,Male
INV002374,21.2,Regular,Uttar Pradesh,26-35,Female
INV002384,39.1,At Risk,Karnataka,26-35,Male
INV002388,33.2,Regular,Haryana,18-25,Male
INV002389,50.8,At Risk,Haryana,36-45,Male
INV002390,47.0,At Risk,Uttar Pradesh,56+,Female
INV002391,40.2,At Risk,Madhya Pradesh,18-25,Female
INV002395,97.0,At Risk,West Bengal,26-35,Male
INV002400,55.4,At Risk,Punjab,36-45,Male
INV002401,59.1,At Risk,West Bengal,26-35,Male
INV002402,47.2,At Risk,Uttar Pradesh,46-55,Male
INV002407,47.8,At Risk,West Bengal,36-45,Male
INV002409,55.6,At Risk,Punjab,18-25,Female
INV002413,53.0,At Risk,Gujarat,26-35,Male
INV002415,57.4,At Risk,West Bengal,36-45,Male
INV002417,83.3,At Risk,Tamil Nadu,26-35,Male
INV002418,91.6,At Risk,Haryana,36-45,Male
INV002420,72.8,At Risk,Karnataka,26-35,Female
INV002422,50.3,At Risk,Tamil Nadu,36-45,Male
INV002429,78.6,At Risk,Rajasthan,26-35,Male
INV002434,88.2,At Risk,Uttar Pradesh,26-35,Male
INV002437,49.2,At Risk,Haryana,26-35,Male
INV002445,38.1,At Risk,Punjab,26-35,Male
INV002453,63.0,At Risk,Gujarat,26-35,Female
INV002458,72.4,At Risk,West Bengal,18-25,Male
INV002459,53.7,At Risk,Rajasthan,18-25,Female
INV002463,95.4,At Risk,Punjab,18-25,Male
INV002464,35.4,At Risk,Karnataka,26-35,Female
INV002466,80.7,At Risk,Madhya Pradesh,36-45,Male
INV002467,38.9,At Risk,Punjab,36-45,Male
INV002471,56.4,At Risk,Punjab,18-25,Male
INV002475,49.7,At Risk,Delhi,26-35,Male
INV002476,86.0,At Risk,Telangana,36-45,Female
INV002485,70.4,At Risk,Karnataka,46-55,Female
INV002490,70.0,At Risk,Gujarat,36-45,Female
INV002495,82.2,At Risk,Maharashtra,26-35,Male
INV002496,53.0,At Risk,Karnataka,36-45,Male
INV002497,67.3,At Risk,Telangana,26-35,Female
INV002508,51.6,At Risk,West Bengal,46-55,Male
INV002509,33.7,Regular,Maharashtra,36-45,Female
INV002510,64.3,At Risk,Karnataka,36-45,Male
INV002521,74.6,At Risk,Punjab,26-35,Male
INV002527,49.7,At Risk,Telangana,18-25,Male
INV002530,71.4,At Risk,Telangana,36-45,Male
INV002531,76.3,At Risk,Rajasthan,36-45,Female
INV002543,74.7,At Risk,Madhya Pradesh,18-25,Female
INV002547,89.0,At Risk,Haryana,26-35,Male
INV002552,48.2,At Risk,Delhi,36-45,Male
INV002554,49.7,At Risk,Madhya Pradesh,18-25,Male
INV002555,72.0,At Risk,Gujarat,36-45,Male
INV002557,67.2,At Risk,West Bengal,26-35,Female
INV002558,97.6,At Risk,Haryana,26-35,Female
INV002560,95.2,At Risk,Haryana,26-35,Male
INV002563,65.8,At Risk,Madhya Pradesh,18-25,Female
INV002567,82.0,At Risk,Madhya Pradesh,36-45,Male
INV002568,61.6,At Risk,Uttar Pradesh,26-35,Female
INV002570,62.0,At Risk,Punjab,36-45,Male
INV002572,55.7,At Risk,Rajasthan,56+,Male
INV002574,79.4,At Risk,Maharashtra,26-35,Male
INV002575,56.1,At Risk,West Bengal,18-25,Male
INV002579,40.8,At Risk,Maharashtra,36-45,Male
INV002582,77.4,At Risk,Telangana,26-35,Female
INV002585,65.0,At Risk,Uttar Pradesh,18-25,Male
INV002586,87.2,At Risk,West Bengal,26-35,Female
INV002590,50.2,At Risk,West Bengal,36-45,Male
INV002591,52.2,At Risk,Gujarat,18-25,Male
INV002594,94.0,At Risk,Haryana,26-35,Male
INV002598,51.4,At Risk,Uttar Pradesh,26-35,Male
INV002602,66.0,At Risk,Gujarat,56+,Female
INV002606,89.6,At Risk,Telangana,26-35,Female
INV002613,65.0,At Risk,Karnataka,46-55,Female
INV002622,76.7,At Risk,Karnataka,18-25,Female
INV002627,85.0,At Risk,West Bengal,26-35,Male
INV002628,77.0,At Risk,Uttar Pradesh,26-35,Male
INV002632,65.6,At Risk,Tamil Nadu,26-35,Female
INV002640,70.0,At Risk,Haryana,56+,Female
INV002643,74.2,At Risk,Telangana,36-45,Male
INV002645,45.2,At Risk,Haryana,46-55,Female
INV002654,61.9,At Risk,Delhi,36-45,Female
INV002659,62.3,At Risk,Madhya Pradesh,36-45,Female
INV002666,53.2,At Risk,Madhya Pradesh,46-55,Female
INV002671,77.2,At Risk,Madhya Pradesh,18-25,Male
INV002673,65.0,At Risk,Maharashtra,26-35,Male
INV002674,75.8,At Risk,Karnataka,26-35,Female
INV002675,63.9,At Risk,Uttar Pradesh,36-45,Male
INV002681,83.7,At Risk,Maharashtra,18-25,Female
INV002684,80.6,At Risk,Delhi,36-45,Female
INV002688,37.0,At Risk,Uttar Pradesh,26-35,Male
INV002689,50.0,At Risk,Madhya Pradesh,26-35,Male
INV002693,45.8,At Risk,Uttar Pradesh,26-35,Male
INV002697,55.3,At Risk,West Bengal,26-35,Male
INV002700,79.8,At Risk,Tamil Nadu,26-35,Male
INV002704,59.1,At Risk,Delhi,36-45,Female
INV002705,22.6,Regular,Uttar Pradesh,46-55,Female
INV002706,73.6,At Risk,Haryana,46-55,Female
INV002711,65.6,At Risk,Haryana,26-35,Male
INV002712,46.8,At Risk,Karnataka,46-55,Male
INV002722,61.4,At Risk,Delhi,36-45,Female
INV002723,37.8,At Risk,West Bengal,36-45,Female
INV002724,76.6,At Risk,Rajasthan,36-45,Male
INV002726,45.6,At Risk,Gujarat,36-45,Male
INV002732,70.7,At Risk,Uttar Pradesh,18-25,Male
INV002733,51.6,At Risk,Punjab,26-35,Male
INV002735,68.2,At Risk,Tamil Nadu,18-25,Female
INV002736,70.6,At Risk,Karnataka,18-25,Female
INV002737,58.4,At Risk,Gujarat,18-25,Female
INV002743,88.2,At Risk,Haryana,56+,Male
INV002744,52.9,At Risk,Karnataka,36-45,Male
INV002746,68.0,At Risk,Delhi,26-35,Male
INV002750,72.4,At Risk,Madhya Pradesh,36-45,Male
INV002751,41.5,At Risk,Delhi,36-45,Male
INV002758,81.0,At Risk,Delhi,26-35,Male
INV002761,80.6,At Risk,Rajasthan,26-35,Male
INV002766,70.6,At Risk,Punjab,26-35,Female
INV002767,55.3,At Risk,Madhya Pradesh,26-35,Male
INV002769,82.0,At Risk,Maharashtra,18-25,Female
INV002772,74.5,At Risk,Haryana,26-35,Male
INV002779,64.2,At Risk,Uttar Pradesh,26-35,Male
INV002783,64.0,At Risk,West Bengal,26-35,Male
INV002786,76.3,At Risk,Tamil Nadu,26-35,Female
INV002793,59.3,At Risk,Madhya Pradesh,36-45,Male
INV002794,56.2,At Risk,Madhya Pradesh,56+,Male
INV002799,70.8,At Risk,Uttar Pradesh,36-45,Male
INV002800,63.5,At Risk,West Bengal,36-45,Male
INV002803,64.8,At Risk,Uttar Pradesh,36-45,Male
INV002804,59.9,At Risk,Madhya Pradesh,36-45,Male
INV002808,59.7,At Risk,Uttar Pradesh,26-35,Male
INV002809,81.4,At Risk,Uttar Pradesh,36-45,Male
INV002810,32.3,Regular,Punjab,36-45,Male
INV002813,49.0,At Risk,Punjab,26-35,Male
INV002822,53.0,At Risk,Karnataka,46-55,Male
INV002824,71.8,At Risk,Rajasthan,56+,Male
INV002826,61.6,At Risk,Haryana,26-35,Male
INV002827,73.6,At Risk,Karnataka,36-45,Female
INV002828,80.0,At Risk,West Bengal,26-35,Male
INV002831,40.2,At Risk,Telangana,56+,Female
INV002835,82.3,At Risk,Haryana,26-35,Male
INV002838,56.7,At Risk,West Bengal,56+,Female
INV002841,43.4,At Risk,Uttar Pradesh,26-35,Male
INV002843,43.1,At Risk,Haryana,26-35,Male
INV002847,52.7,At Risk,Haryana,26-35,Male
INV002850,53.2,At Risk,Uttar Pradesh,46-55,Male
INV002852,75.8,At Risk,West Bengal,46-55,Male
INV002859,76.5,At Risk,Madhya Pradesh,26-35,Male
INV002863,74.4,At Risk,Rajasthan,36-45,Female
INV002865,37.2,At Risk,Maharashtra,18-25,Male
INV002870,48.2,At Risk,Karnataka,26-35,Female
INV002872,85.6,At Risk,West Bengal,36-45,Male
INV002873,98.2,At Risk,Haryana,18-25,Male
INV002879,72.2,At Risk,Tamil Nadu,46-55,Male
INV002881,43.6,At Risk,Uttar Pradesh,26-35,Female
INV002883,96.0,At Risk,West Bengal,26-35,Female
INV002886,44.3,At Risk,Tamil Nadu,18-25,Female
INV002891,72.7,At Risk,Haryana,36-45,Female
INV002893,50.0,At Risk,Telangana,56+,Male
INV002900,64.2,At Risk,Haryana,26-35,Female
INV002903,89.6,At Risk,Madhya Pradesh,36-45,Male
INV002904,49.3,At Risk,West Bengal,36-45,Male
INV002905,73.0,At Risk,Tamil Nadu,36-45,Female
INV002906,41.2,At Risk,Telangana,26-35,Male
INV002909,82.3,At Risk,Rajasthan,36-45,Male
INV002912,97.0,At Risk,Maharashtra,26-35,Female
INV002913,73.7,At Risk,Delhi,56+,Male
INV002915,49.3,At Risk,West Bengal,18-25,Male
INV002921,53.3,At Risk,Punjab,18-25,Female
INV002927,40.3,At Risk,Punjab,56+,Male
INV002935,48.0,At Risk,Madhya Pradesh,18-25,Male
INV002937,67.2,At Risk,Rajasthan,56+,Male
INV002939,60.5,At Risk,Rajasthan,18-25,Male
INV002942,55.5,At Risk,Delhi,36-45,Male
INV002945,65.0,At Risk,Maharashtra,26-35,Male
INV002947,64.2,At Risk,Maharashtra,46-55,Male
INV002950,45.9,At Risk,Madhya Pradesh,46-55,Female
INV002951,51.8,At Risk,Karnataka,36-45,Male
INV002961,84.7,At Risk,Gujarat,26-35,Male
INV002974,51.3,At Risk,Telangana,26-35,Female
INV002984,91.0,At Risk,Delhi,26-35,Male
INV002989,86.6,At Risk,Haryana,46-55,Male
INV002994,58.2,At Risk,Karnataka,18-25,Male
INV003000,67.0,At Risk,Delhi,36-45,Male
INV003003,58.2,At Risk,West Bengal,18-25,Female
INV003005,53.1,At Risk,Punjab,26-35,Male
INV003007,48.2,At Risk,Haryana,26-35,Male
INV003009,38.1,At Risk,Karnataka,26-35,Male
INV003011,64.2,At Risk,Gujarat,18-25,Male
INV003014,82.4,At Risk,Karnataka,26-35,Female
INV003015,54.7,At Risk,Madhya Pradesh,18-25,Male
INV003018,49.2,At Risk,Delhi,36-45,Male
INV003022,69.6,At Risk,Telangana,46-55,Male
INV003024,44.2,At Risk,Maharashtra,36-45,Female
INV003025,35.3,At Risk,Gujarat,26-35,Female
INV003028,91.4,At Risk,Tamil Nadu,26-35,Female
INV003034,73.4,At Risk,Tamil Nadu,26-35,Male
INV003036,57.7,At Risk,Telangana,26-35,Male
INV003037,79.5,At Risk,Telangana,18-25,Female
INV003040,74.0,At Risk,Karnataka,26-35,Female
INV003043,73.8,At Risk,Karnataka,26-35,Male
INV003044,71.2,At Risk,West Bengal,18-25,Female
INV003045,36.2,At Risk,Telangana,26-35,Male
INV003047,70.1,At Risk,Maharashtra,46-55,Male
INV003054,78.7,At Risk,Telangana,56+,Female
INV003060,79.0,At Risk,Rajasthan,56+,Female
INV003063,57.8,At Risk,Maharashtra,36-45,Female
INV003070,54.5,At Risk,West Bengal,26-35,Male
INV003074,74.8,At Risk,Haryana,26-35,Male
INV003075,57.4,At Risk,Delhi,46-55,Male
INV003078,69.2,At Risk,Haryana,36-45,Male
INV003082,46.4,At Risk,Telangana,26-35,Male
INV003083,66.4,At Risk,Madhya Pradesh,56+,Female
INV003089,65.0,At Risk,Uttar Pradesh,26-35,Male
INV003091,50.9,At Risk,Delhi,36-45,Female
INV003095,86.6,At Risk,Madhya Pradesh,18-25,Male
INV003097,62.7,At Risk,Punjab,26-35,Male
INV003105,65.5,At Risk,Rajasthan,18-25,Female
INV003112,91.6,At Risk,Maharashtra,26-35,Female
INV003113,66.9,At Risk,Rajasthan,26-35,Male
INV003115,48.0,At Risk,Gujarat,26-35,Male
INV003117,66.6,At Risk,Tamil Nadu,18-25,Female
INV003134,76.8,At Risk,Telangana,36-45,Female
INV003139,55.2,At Risk,Karnataka,36-45,Male
INV003140,57.0,At Risk,West Bengal,26-35,Male
INV003141,67.5,At Risk,Maharashtra,36-45,Female
INV003144,82.5,At Risk,Haryana,36-45,Female
INV003146,59.5,At Risk,Rajasthan,26-35,Male
INV003151,81.0,At Risk,Tamil Nadu,56+,Female
INV003153,40.7,At Risk,Madhya Pradesh,36-45,Female
INV003158,55.6,At Risk,Karnataka,26-35,Male
INV003161,77.4,At Risk,Uttar Pradesh,36-45,Female
INV003169,62.6,At Risk,Telangana,26-35,Female
INV003178,56.4,At Risk,Telangana,46-55,Female
INV003179,56.2,At Risk,Rajasthan,36-45,Male
INV003185,65.2,At Risk,Rajasthan,26-35,Female
INV003187,58.2,At Risk,Haryana,26-35,Female
INV003189,55.1,At Risk,Tamil Nadu,36-45,Female
INV003191,76.8,At Risk,Madhya Pradesh,18-25,Female
INV003193,96.6,At Risk,Rajasthan,36-45,Male
INV003196,80.3,At Risk,West Bengal,26-35,Female
INV003205,67.7,At Risk,Punjab,26-35,Female
INV003210,72.2,At Risk,Haryana,36-45,Female
INV003211,69.0,At Risk,Uttar Pradesh,36-45,Male
INV003214,59.8,At Risk,Punjab,36-45,Male
INV003215,60.8,At Risk,Gujarat,26-35,Female
INV003219,57.2,At Risk,Maharashtra,46-55,Male
INV003221,61.2,At Risk,Karnataka,26-35,Male
INV003222,81.5,At Risk,Punjab,56+,Female
INV003223,67.7,At Risk,Tamil Nadu,26-35,Male
INV003228,70.2,At Risk,Madhya Pradesh,26-35,Male
INV003230,67.5,At Risk,Punjab,18-25,Female
INV003231,83.0,At Risk,Haryana,26-35,Male
INV003234,96.6,At Risk,Telangana,26-35,Male
INV003236,51.1,At Risk,Madhya Pradesh,18-25,Male
INV003242,61.0,At Risk,Punjab,26-35,Female
INV003247,84.6,At Risk,Madhya Pradesh,46-55,Female
INV003252,67.6,At Risk,Tamil Nadu,46-55,Male
INV003256,51.0,At Risk,Punjab,46-55,Male
INV003257,61.8,At Risk,Rajasthan,56+,Male
INV003260,89.4,At Risk,Madhya Pradesh,18-25,Male
INV003262,85.2,At Risk,Telangana,46-55,Male
INV003267,74.4,At Risk,Rajasthan,36-45,Male
INV003271,61.2,At Risk,West Bengal,18-25,Male
INV003273,60.1,At Risk,Haryana,36-45,Male
INV003277,53.7,At Risk,Rajasthan,18-25,Male
INV003279,63.4,At Risk,Rajasthan,46-55,Female
INV003289,64.8,At Risk,Uttar Pradesh,26-35,Male
INV003300,64.8,At Risk,Uttar Pradesh,36-45,Male
INV003301,59.4,At Risk,Rajasthan,26-35,Male
INV003304,44.2,At Risk,Telangana,18-25,Female
INV003308,56.8,At Risk,Telangana,56+,Male
INV003310,80.8,At Risk,Telangana,26-35,Male
INV003311,48.0,At Risk,Madhya Pradesh,26-35,Male
INV003314,73.5,At Risk,Telangana,36-45,Female
INV003317,44.1,At Risk,Delhi,18-25,Male
INV003320,45.3,At Risk,Tamil Nadu,56+,Male
INV003325,101.0,At Risk,Haryana,26-35,Male
INV003329,89.0,At Risk,Madhya Pradesh,56+,Male
INV003336,72.3,At Risk,Punjab,46-55,Female
INV003338,37.5,At Risk,Haryana,46-55,Male
INV003344,86.6,At Risk,Haryana,36-45,Female
INV003350,92.4,At Risk,Maharashtra,46-55,Female
INV003351,54.0,At Risk,Delhi,26-35,Male
INV003352,68.1,At Risk,Maharashtra,36-45,Male
INV003357,62.4,At Risk,Madhya Pradesh,26-35,Female
INV003360,59.4,At Risk,Madhya Pradesh,26-35,Female
INV003370,63.3,At Risk,Karnataka,56+,Female
INV003372,59.4,At Risk,Karnataka,36-45,Female
INV003374,56.5,At Risk,Karnataka,26-35,Male
INV003375,52.7,At Risk,Telangana,56+,Female
INV003376,85.8,At Risk,Delhi,36-45,Male
INV003379,75.2,At Risk,Uttar Pradesh,36-45,Male
INV003380,72.4,At Risk,Delhi,36-45,Male
INV003382,34.2,Regular,Karnataka,26-35,Male
INV003391,56.6,At Risk,West Bengal,26-35,Male
INV003393,63.7,At Risk,Delhi,26-35,Male
INV003395,79.0,At Risk,Gujarat,36-45,Male
INV003398,55.4,At Risk,Karnataka,36-45,Male
INV003403,56.6,At Risk,Madhya Pradesh,18-25,Male
INV003404,50.3,At Risk,Tamil Nadu,36-45,Male
INV003405,41.0,At Risk,Rajasthan,26-35,Male
INV003406,59.0,At Risk,Madhya Pradesh,26-35,Male
INV003407,57.4,At Risk,West Bengal,26-35,Male
INV003422,84.7,At Risk,Uttar Pradesh,26-35,Male
INV003424,73.2,At Risk,Madhya Pradesh,26-35,Female
INV003427,84.2,At Risk,West Bengal,18-25,Male
INV003430,73.4,At Risk,Gujarat,26-35,Female
INV003431,51.4,At Risk,Karnataka,18-25,Male
INV003432,61.3,At Risk,Uttar Pradesh,56+,Female
INV003435,73.8,At Risk,Maharashtra,26-35,Female
INV003437,91.2,At Risk,Punjab,46-55,Female
INV003448,74.5,At Risk,Rajasthan,26-35,Male
INV003450,47.7,At Risk,Maharashtra,18-25,Female
INV003455,35.5,At Risk,Tamil Nadu,46-55,Male
INV003457,60.5,At Risk,Karnataka,36-45,Male
INV003458,67.9,At Risk,Gujarat,36-45,Male
INV003459,59.4,At Risk,Karnataka,26-35,Female
INV003473,95.8,At Risk,Telangana,26-35,Male
INV003475,56.0,At Risk,Telangana,26-35,Male
INV003478,56.6,At Risk,Punjab,26-35,Male
INV003479,65.7,At Risk,West Bengal,36-45,Female
INV003480,82.4,At Risk,Madhya Pradesh,26-35,Male
INV003484,73.8,At Risk,Madhya Pradesh,26-35,Female
INV003487,70.6,At Risk,Gujarat,26-35,Female
INV003491,59.1,At Risk,Delhi,46-55,Male
INV003492,90.8,At Risk,Gujarat,36-45,Male
INV003495,49.2,At Risk,West Bengal,26-35,Female
INV003506,67.0,At Risk,Tamil Nadu,56+,Female
INV003509,60.9,At Risk,Haryana,36-45,Male
INV003511,65.6,At Risk,Haryana,46-55,Male
INV003514,74.2,At Risk,Delhi,36-45,Female
INV003518,67.8,At Risk,Madhya Pradesh,26-35,Male
INV003521,89.0,At Risk,Rajasthan,46-55,Male
INV003524,64.2,At Risk,Telangana,36-45,Male
INV003526,88.2,At Risk,Maharashtra,36-45,Male
INV003528,58.6,At Risk,Madhya Pradesh,18-25,Female
INV003530,51.0,At Risk,Maharashtra,26-35,Male
INV003531,76.4,At Risk,Delhi,36-45,Male
INV003534,52.7,At Risk,Madhya Pradesh,46-55,Male
INV003545,90.0,At Risk,Gujarat,26-35,Female
INV003556,77.6,At Risk,Karnataka,18-25,Male
INV003557,66.4,At Risk,Karnataka,46-55,Female
INV003558,39.2,At Risk,Uttar Pradesh,18-25,Male
INV003559,48.3,At Risk,Uttar Pradesh,26-35,Female
INV003562,80.5,At Risk,West Bengal,26-35,Female
INV003564,71.0,At Risk,Telangana,18-25,Male
INV003580,72.2,At Risk,Gujarat,26-35,Male
INV003581,51.3,At Risk,Tamil Nadu,56+,Male
INV003582,49.3,At Risk,Uttar Pradesh,36-45,Male
INV003586,54.3,At Risk,Haryana,46-55,Male
INV003592,75.6,At Risk,Madhya Pradesh,56+,Female
INV003593,78.2,At Risk,Karnataka,26-35,Female
INV003598,68.0,At Risk,Delhi,26-35,Female
INV003599,50.0,At Risk,Madhya Pradesh,46-55,Male
INV003601,45.2,At Risk,Haryana,26-35,Female
INV003604,90.2,At Risk,Punjab,18-25,Female
INV003607,70.4,At Risk,Delhi,18-25,Male
INV003611,68.8,At Risk,Uttar Pradesh,18-25,Male
INV003613,67.4,At Risk,Punjab,26-35,Male
INV003619,72.0,At Risk,West Bengal,18-25,Female
INV003625,62.4,At Risk,Telangana,26-35,Female
INV003627,59.2,At Risk,Telangana,36-45,Male
INV003630,52.0,At Risk,Karnataka,18-25,Female
INV003633,78.8,At Risk,Madhya Pradesh,26-35,Male
INV003634,47.8,At Risk,Punjab,46-55,Female
INV003635,47.1,At Risk,West Bengal,56+,Female
INV003641,67.0,At Risk,Telangana,26-35,Female
INV003642,53.2,At Risk,Haryana,18-25,Male
INV003645,95.2,At Risk,Punjab,26-35,Male
INV003649,96.8,At Risk,Haryana,46-55,Female
INV003650,33.9,Regular,Telangana,46-55,Male
INV003654,60.5,At Risk,Delhi,18-25,Male
INV003655,49.8,At Risk,Madhya Pradesh,36-45,Female
INV003658,70.7,At Risk,West Bengal,26-35,Male
INV003660,79.0,At Risk,Delhi,26-35,Male
INV003669,53.5,At Risk,West Bengal,18-25,Female
INV003670,70.9,At Risk,Punjab,36-45,Male
INV003672,77.2,At Risk,Uttar Pradesh,36-45,Male
INV003673,68.9,At Risk,Maharashtra,26-35,Male
INV003678,32.8,Regular,Gujarat,26-35,Male
INV003681,51.0,At Risk,Telangana,26-35,Female
INV003683,92.4,At Risk,Telangana,26-35,Female
INV003684,98.2,At Risk,Karnataka,36-45,Male
INV003685,80.2,At Risk,Gujarat,26-35,Male
INV003686,96.6,At Risk,Gujarat,18-25,Male
INV003693,71.3,At Risk,Madhya Pradesh,36-45,Male
INV003695,51.7,At Risk,Karnataka,36-45,Male
INV003696,75.8,At Risk,Tamil Nadu,18-25,Female
INV003697,76.7,At Risk,Maharashtra,18-25,Male
INV003702,72.7,At Risk,Madhya Pradesh,36-45,Male
INV003705,78.8,At Risk,Telangana,26-35,Male
INV003707,68.6,At Risk,Telangana,36-45,Female
INV003708,60.5,At Risk,Punjab,46-55,Male
INV003709,80.2,At Risk,Uttar Pradesh,46-55,Female
INV003710,78.6,At Risk,Rajasthan,26-35,Male
INV003711,72.2,At Risk,Telangana,36-45,Female
INV003712,79.6,At Risk,Maharashtra,46-55,Male
INV003713,81.5,At Risk,West Bengal,36-45,Female
INV003718,91.4,At Risk,Telangana,46-55,Male
INV003720,74.6,At Risk,Madhya Pradesh,36-45,Female
INV003722,50.7,At Risk,Maharashtra,36-45,Female
INV003723,61.8,At Risk,Tamil Nadu,26-35,Female
INV003724,68.0,At Risk,Punjab,56+,Male
INV003733,88.8,At Risk,Telangana,26-35,Male
INV003734,59.0,At Risk,Tamil Nadu,56+,Male
INV003735,45.9,At Risk,Gujarat,36-45,Female
INV003736,77.2,At Risk,Karnataka,18-25,Male
INV003738,50.6,At Risk,Delhi,26-35,Male
INV003740,51.8,At Risk,Karnataka,56+,Female
INV003741,67.7,At Risk,Madhya Pradesh,36-45,Male
INV003744,86.8,At Risk,Karnataka,18-25,Female
INV003745,70.2,At Risk,West Bengal,36-45,Male
INV003748,56.1,At Risk,Madhya Pradesh,46-55,Male
INV003757,81.8,At Risk,Uttar Pradesh,18-25,Male
INV003761,51.9,At Risk,Karnataka,46-55,Male
INV003766,65.3,At Risk,West Bengal,36-45,Male
INV003767,47.5,At Risk,Madhya Pradesh,36-45,Female
INV003771,50.8,At Risk,Telangana,46-55,Male
INV003772,34.5,Regular,Punjab,18-25,Female
INV003775,74.0,At Risk,Maharashtra,56+,Male
INV003779,76.4,At Risk,Delhi,26-35,Male
INV003780,57.4,At Risk,Haryana,26-35,Male
INV003781,64.8,At Risk,Tamil Nadu,26-35,Male
INV003785,74.2,At Risk,Karnataka,36-45,Male
INV003787,63.2,At Risk,Karnataka,46-55,Male
INV003793,72.3,At Risk,Delhi,46-55,Male
INV003795,67.7,At Risk,West Bengal,18-25,Male
INV003811,78.7,At Risk,Gujarat,46-55,Female
INV003812,50.8,At Risk,Haryana,18-25,Female
INV003813,82.2,At Risk,Rajasthan,36-45,Male
INV003815,72.5,At Risk,Gujarat,36-45,Male
INV003824,71.5,At Risk,Telangana,26-35,Male
INV003825,81.2,At Risk,Telangana,56+,Male
INV003828,30.7,Regular,Karnataka,18-25,Male
INV003829,48.6,At Risk,Punjab,36-45,Male
INV003830,71.4,At Risk,Punjab,26-35,Male
INV003844,68.5,At Risk,Maharashtra,26-35,Female
INV003847,50.0,At Risk,Telangana,26-35,Male
INV003849,77.2,At Risk,Karnataka,26-35,Male
INV003851,57.8,At Risk,Karnataka,46-55,Male
INV003860,46.0,At Risk,Punjab,26-35,Male
INV003862,60.2,At Risk,Madhya Pradesh,26-35,Male
INV003865,85.2,At Risk,Gujarat,18-25,Female
INV003868,87.6,At Risk,Gujarat,36-45,Male
INV003872,45.4,At Risk,Uttar Pradesh,26-35,Male
INV003876,77.6,At Risk,Rajasthan,18-25,Male
INV003880,68.6,At Risk,Gujarat,26-35,Male
INV003885,71.6,At Risk,West Bengal,36-45,Male
INV003892,55.2,At Risk,Punjab,46-55,Male
INV003896,82.0,At Risk,Haryana,56+,Female
INV003897,71.6,At Risk,Tamil Nadu,26-35,Male
INV003903,50.3,At Risk,Karnataka,18-25,Female
INV003905,62.5,At Risk,Maharashtra,26-35,Male
INV003906,55.1,At Risk,Haryana,36-45,Male
INV003912,68.6,At Risk,West Bengal,26-35,Male
INV003913,61.4,At Risk,Telangana,36-45,Male
INV003916,67.2,At Risk,Karnataka,26-35,Male
INV003920,66.9,At Risk,Punjab,26-35,Male
INV003936,89.6,At Risk,Punjab,36-45,Male
INV003938,52.5,At Risk,Delhi,36-45,Female
INV003940,70.7,At Risk,West Bengal,36-45,Male
INV003943,42.5,At Risk,Telangana,46-55,Male
INV003945,56.3,At Risk,Gujarat,46-55,Female
INV003946,69.2,At Risk,Karnataka,26-35,Female
INV003948,43.7,At Risk,Madhya Pradesh,18-25,Female
INV003952,54.7,At Risk,Tamil Nadu,36-45,Male
INV003958,85.6,At Risk,Haryana,18-25,Male
INV003962,68.7,At Risk,Haryana,26-35,Male
INV003964,51.2,At Risk,Punjab,26-35,Male
INV003968,92.4,At Risk,Maharashtra,46-55,Female
INV003972,84.2,At Risk,Uttar Pradesh,26-35,Male
INV003975,50.1,At Risk,Gujarat,36-45,Male
INV003978,68.1,At Risk,Telangana,26-35,Female
INV003979,56.0,At Risk,Madhya Pradesh,36-45,Male
INV003981,67.7,At Risk,Haryana,46-55,Male
INV003985,93.0,At Risk,Tamil Nadu,18-25,Male
INV003996,95.2,At Risk,Karnataka,36-45,Female
INV004001,40.3,At Risk,Delhi,56+,Female
INV004004,40.8,At Risk,Delhi,18-25,Male
INV004005,73.7,At Risk,West Bengal,26-35,Male
INV004007,38.8,At Risk,Delhi,18-25,Female
INV004009,62.3,At Risk,Gujarat,18-25,Male
INV004014,61.9,At Risk,Telangana,56+,Female
INV004015,88.0,At Risk,Maharashtra,18-25,Female
INV004017,40.5,At Risk,West Bengal,36-45,Male
INV004023,52.0,At Risk,Tamil Nadu,46-55,Male
INV004037,74.6,At Risk,Gujarat,26-35,Male
INV004038,71.7,At Risk,Gujarat,26-35,Female
INV004049,48.2,At Risk,Gujarat,36-45,Male
INV004063,56.6,At Risk,Haryana,36-45,Male
INV004066,75.2,At Risk,Gujarat,46-55,Male
INV004069,74.0,At Risk,Delhi,26-35,Male
INV004070,67.7,At Risk,Maharashtra,26-35,Male
INV004079,71.3,At Risk,Karnataka,36-45,Female
INV004085,68.3,At Risk,Maharashtra,36-45,Female
INV004091,73.6,At Risk,Tamil Nadu,26-35,Male
INV004094,55.8,At Risk,Haryana,26-35,Female
INV004098,58.2,At Risk,Delhi,26-35,Male
INV004099,58.8,At Risk,West Bengal,26-35,Male
INV004106,55.8,At Risk,Gujarat,26-35,Male
INV004112,55.2,At Risk,Madhya Pradesh,46-55,Male
INV004116,54.9,At Risk,Gujarat,36-45,Male
INV004118,64.6,At Risk,Punjab,36-45,Male
INV004119,73.2,At Risk,Uttar Pradesh,26-35,Female
INV004123,85.0,At Risk,Haryana,36-45,Male
INV004124,63.8,At Risk,Maharashtra,56+,Male
INV004125,61.6,At Risk,Gujarat,26-35,Male
INV004127,87.6,At Risk,Madhya Pradesh,36-45,Female
INV004128,67.2,At Risk,Haryana,18-25,Male
INV004134,35.4,At Risk,West Bengal,36-45,Male
INV004135,50.1,At Risk,Tamil Nadu,26-35,Female
INV004143,97.0,At Risk,Gujarat,18-25,Male
INV004145,66.2,At Risk,Gujarat,18-25,Male
INV004146,88.2,At Risk,Uttar Pradesh,56+,Male
INV004147,72.2,At Risk,Madhya Pradesh,26-35,Female
INV004149,50.2,At Risk,Rajasthan,56+,Female
INV004151,63.1,At Risk,Karnataka,26-35,Male
INV004153,60.0,At Risk,Uttar Pradesh,46-55,Male
INV004154,46.7,At Risk,Karnataka,18-25,Male
INV004172,63.0,At Risk,Madhya Pradesh,26-35,Male
INV004174,86.6,At Risk,Rajasthan,18-25,Male
INV004175,67.9,At Risk,Tamil Nadu,36-45,Female
INV004177,45.4,At Risk,Tamil Nadu,26-35,Male
INV004179,71.2,At Risk,Maharashtra,26-35,Female
INV004181,93.4,At Risk,Uttar Pradesh,26-35,Female
INV004191,77.2,At Risk,Maharashtra,26-35,Female
INV004196,78.3,At Risk,West Bengal,46-55,Male
INV004199,58.2,At Risk,Tamil Nadu,56+,Male
INV004202,47.6,At Risk,West Bengal,36-45,Female
INV004203,66.6,At Risk,Madhya Pradesh,18-25,Male
INV004208,73.4,At Risk,West Bengal,36-45,Male
INV004212,69.3,At Risk,Uttar Pradesh,36-45,Male
INV004216,82.0,At Risk,Karnataka,26-35,Male
INV004228,72.3,At Risk,Madhya Pradesh,26-35,Female
INV004232,71.4,At Risk,Tamil Nadu,26-35,Male
INV004239,61.1,At Risk,Karnataka,18-25,Female
INV004241,53.7,At Risk,Maharashtra,36-45,Male
INV004243,55.7,At Risk,Punjab,36-45,Female
INV004246,34.2,Regular,West Bengal,36-45,Female
INV004247,87.2,At Risk,Tamil Nadu,18-25,Male
INV004248,42.7,At Risk,West Bengal,46-55,Male
INV004258,49.7,At Risk,Gujarat,36-45,Male
INV004266,61.8,At Risk,Delhi,36-45,Male
INV004267,53.3,At Risk,Gujarat,46-55,Male
INV004270,69.7,At Risk,Rajasthan,18-25,Male
INV004271,79.8,At Risk,Maharashtra,18-25,Male
INV004279,50.3,At Risk,Gujarat,36-45,Male
INV004281,41.7,At Risk,Rajasthan,26-35,Female
INV004282,52.9,At Risk,Punjab,26-35,Male
INV004285,76.2,At Risk,Punjab,26-35,Male
INV004288,72.8,At Risk,Punjab,18-25,Female
INV004289,45.9,At Risk,Karnataka,26-35,Male
INV004293,81.8,At Risk,Rajasthan,36-45,Male
INV004295,44.8,At Risk,Karnataka,36-45,Male
INV004296,102.2,At Risk,Telangana,26-35,Male
INV004297,41.9,At Risk,Karnataka,36-45,Female
INV004299,64.1,At Risk,Telangana,26-35,Female
INV004306,57.0,At Risk,Telangana,26-35,Female
INV004308,84.7,At Risk,Gujarat,26-35,Female
INV004314,83.0,At Risk,Haryana,26-35,Male
INV004319,60.5,At Risk,Gujarat,18-25,Male
INV004321,42.0,At Risk,West Bengal,26-35,Male
INV004324,77.7,At Risk,Madhya Pradesh,36-45,Male
INV004326,40.1,At Risk,Delhi,26-35,Male
INV004332,64.7,At Risk,Haryana,36-45,Female
INV004335,64.4,At Risk,Gujarat,26-35,Female
INV004338,48.9,At Risk,Maharashtra,46-55,Female
INV004340,67.8,At Risk,Karnataka,26-35,Male
INV004343,63.0,At Risk,Madhya Pradesh,18-25,Male
INV004348,52.2,At Risk,Delhi,26-35,Female
INV004349,72.5,At Risk,Haryana,26-35,Female
INV004356,30.8,Regular,West Bengal,36-45,Male
INV004357,72.4,At Risk,Delhi,46-55,Female
INV004358,45.9,At Risk,Tamil Nadu,26-35,Male
INV004361,61.6,At Risk,Haryana,26-35,Female
INV004364,80.6,At Risk,West Bengal,36-45,Male
INV004367,81.6,At Risk,Karnataka,26-35,Female
INV004372,59.2,At Risk,Haryana,26-35,Female
INV004391,57.0,At Risk,Maharashtra,26-35,Female
INV004392,90.4,At Risk,West Bengal,18-25,Male
INV004400,46.6,At Risk,Uttar Pradesh,26-35,Male
INV004401,69.9,At Risk,Rajasthan,26-35,Male
INV004403,73.6,At Risk,West Bengal,26-35,Male
INV004410,40.9,At Risk,Tamil Nadu,36-45,Male
INV004411,61.0,At Risk,Maharashtra,26-35,Female
INV004412,82.3,At Risk,Punjab,26-35,Female
INV004413,69.0,At Risk,Maharashtra,26-35,Male
INV004414,53.9,At Risk,Uttar Pradesh,26-35,Male
INV004421,90.8,At Risk,Punjab,26-35,Male
INV004427,50.8,At Risk,Punjab,36-45,Female
INV004434,84.6,At Risk,Gujarat,46-55,Male
INV004446,65.8,At Risk,West Bengal,26-35,Male
INV004447,49.8,At Risk,West Bengal,36-45,Female
INV004450,61.6,At Risk,Tamil Nadu,36-45,Male
INV004451,84.0,At Risk,Madhya Pradesh,56+,Male
INV004452,81.0,At Risk,Rajasthan,26-35,Male
INV004454,98.4,At Risk,West Bengal,36-45,Male
INV004455,50.0,At Risk,Telangana,18-25,Female
INV004457,81.4,At Risk,Telangana,18-25,Male
INV004459,53.8,At Risk,Maharashtra,26-35,Female
INV004460,42.5,At Risk,Haryana,26-35,Male
INV004463,94.8,At Risk,Karnataka,26-35,Female
INV004464,62.5,At Risk,Haryana,26-35,Female
INV004468,76.8,At Risk,Telangana,46-55,Female
INV004472,50.7,At Risk,West Bengal,26-35,Female
INV004473,73.3,At Risk,Karnataka,18-25,Male
INV004475,67.8,At Risk,Punjab,26-35,Male
INV004477,58.7,At Risk,Delhi,46-55,Female
INV004484,61.6,At Risk,Punjab,46-55,Male
INV004502,74.5,At Risk,Rajasthan,36-45,Male
INV004504,55.1,At Risk,Telangana,46-55,Male
INV004511,37.2,At Risk,Gujarat,46-55,Female
INV004517,86.6,At Risk,West Bengal,46-55,Female
INV004521,54.5,At Risk,Gujarat,18-25,Male
INV004523,87.2,At Risk,Haryana,26-35,Female
INV004528,54.0,At Risk,Madhya Pradesh,46-55,Male
INV004531,60.0,At Risk,Haryana,26-35,Male
INV004533,55.0,At Risk,Gujarat,36-45,Male
INV004542,34.0,Regular,Maharashtra,36-45,Male
INV004547,67.5,At Risk,Madhya Pradesh,36-45,Female
INV004555,53.1,At Risk,Uttar Pradesh,36-45,Female
INV004560,48.4,At Risk,Tamil Nadu,36-45,Male
INV004562,83.8,At Risk,Telangana,26-35,Female
INV004563,64.8,At Risk,Gujarat,46-55,Female
INV004574,54.6,At Risk,Maharashtra,36-45,Male
INV004576,63.0,At Risk,Rajasthan,46-55,Male
INV004579,43.9,At Risk,Rajasthan,26-35,Male
INV004581,72.1,At Risk,Gujarat,26-35,Male
INV004589,71.4,At Risk,Gujarat,36-45,Male
INV004594,59.1,At Risk,Haryana,26-35,Female
INV004598,84.2,At Risk,Tamil Nadu,46-55,Male
INV004602,59.6,At Risk,Delhi,26-35,Female
INV004607,56.0,At Risk,Telangana,26-35,Female
INV004608,55.0,At Risk,Karnataka,26-35,Female
INV004611,51.2,At Risk,Madhya Pradesh,18-25,Female
INV004614,79.6,At Risk,Delhi,18-25,Male
INV004617,39.2,At Risk,Karnataka,26-35,Male
INV004621,54.2,At Risk,Punjab,36-45,Female
INV004625,96.4,At Risk,Tamil Nadu,18-25,Male
INV004629,64.6,At Risk,Karnataka,18-25,Female
INV004630,50.6,At Risk,Madhya Pradesh,26-35,Female
INV004631,64.7,At Risk,Tamil Nadu,36-45,Female
INV004633,78.2,At Risk,Telangana,18-25,Female
INV004635,58.7,At Risk,Punjab,18-25,Male
INV004636,75.6,At Risk,Uttar Pradesh,18-25,Female
INV004638,54.3,At Risk,Delhi,26-35,Male
INV004640,68.3,At Risk,Telangana,36-45,Male
INV004641,67.8,At Risk,Haryana,56+,Male
INV004642,54.8,At Risk,Uttar Pradesh,46-55,Male
INV004643,50.6,At Risk,Delhi,26-35,Female
INV004646,64.5,At Risk,Madhya Pradesh,18-25,Female
INV004647,70.7,At Risk,Madhya Pradesh,36-45,Female
INV004650,80.8,At Risk,Punjab,56+,Male
INV004661,69.7,At Risk,Maharashtra,26-35,Male
INV004665,83.4,At Risk,Madhya Pradesh,36-45,Male
INV004672,72.0,At Risk,Rajasthan,26-35,Male
INV004680,47.2,At Risk,Punjab,36-45,Male
INV004682,42.2,At Risk,Telangana,26-35,Female
INV004688,77.6,At Risk,West Bengal,26-35,Male
INV004692,83.6,At Risk,Madhya Pradesh,26-35,Male
INV004701,20.0,Regular,Haryana,26-35,Male
INV004704,93.8,At Risk,Delhi,26-35,Male
INV004712,48.6,At Risk,Uttar Pradesh,36-45,Male
INV004715,56.8,At Risk,Tamil Nadu,46-55,Male
INV004716,74.0,At Risk,Telangana,18-25,Male
INV004737,54.6,At Risk,Madhya Pradesh,46-55,Male
INV004738,93.2,At Risk,Uttar Pradesh,56+,Female
INV004741,72.3,At Risk,Telangana,26-35,Female
INV004753,61.4,At Risk,Karnataka,36-45,Female
INV004755,61.2,At Risk,Uttar Pradesh,18-25,Female
INV004761,71.4,At Risk,Madhya Pradesh,26-35,Male
INV004763,83.5,At Risk,Karnataka,46-55,Female
INV004764,83.0,At Risk,Punjab,46-55,Female
INV004770,72.9,At Risk,Gujarat,18-25,Female
INV004776,57.4,At Risk,Punjab,36-45,Male
INV004780,69.5,At Risk,Haryana,36-45,Male
INV004785,66.2,At Risk,Punjab,26-35,Female
INV004787,72.3,At Risk,Haryana,26-35,Male
INV004798,53.7,At Risk,Madhya Pradesh,26-35,Male
INV004804,79.2,At Risk,Maharashtra,36-45,Male
INV004805,44.7,At Risk,Madhya Pradesh,26-35,Female
INV004807,36.9,At Risk,Maharashtra,36-45,Male
INV004813,62.0,At Risk,West Bengal,26-35,Male
INV004819,62.0,At Risk,Telangana,26-35,Female
INV004825,70.0,At Risk,Delhi,56+,Male
INV004833,65.4,At Risk,Madhya Pradesh,26-35,Female
INV004834,38.6,At Risk,Delhi,26-35,Male
INV004840,41.0,At Risk,Maharashtra,18-25,Male
INV004843,50.9,At Risk,Haryana,56+,Male
INV004844,66.7,At Risk,Maharashtra,26-35,Male
INV004845,81.8,At Risk,West Bengal,18-25,Male
INV004847,73.5,At Risk,Maharashtra,26-35,Female
INV004848,54.1,At Risk,Haryana,26-35,Male
INV004860,78.4,At Risk,Punjab,46-55,Male
INV004863,68.0,At Risk,Maharashtra,26-35,Male
INV004864,43.3,At Risk,Punjab,26-35,Female
INV004865,76.3,At Risk,Maharashtra,56+,Male
INV004868,56.0,At Risk,Karnataka,36-45,Male
INV004871,69.1,At Risk,Punjab,26-35,Male
INV004877,80.5,At Risk,Karnataka,26-35,Male
INV004889,70.7,At Risk,Rajasthan,46-55,Male
INV004891,55.9,At Risk,Telangana,46-55,Female
INV004896,79.4,At Risk,Uttar Pradesh,18-25,Female
INV004901,54.6,At Risk,Haryana,26-35,Female
INV004911,63.7,At Risk,West Bengal,26-35,Female
INV004913,87.0,At Risk,Rajasthan,26-35,Male
INV004916,75.5,At Risk,Haryana,26-35,Male
INV004917,51.0,At Risk,Uttar Pradesh,26-35,Male
INV004924,59.8,At Risk,Telangana,36-45,Male
INV004925,70.8,At Risk,Maharashtra,18-25,Female
INV004926,66.3,At Risk,Karnataka,36-45,Male
INV004927,34.2,Regular,Maharashtra,26-35,Male
INV004947,45.0,At Risk,Telangana,26-35,Female
INV004953,67.2,At Risk,Haryana,36-45,Male
INV004956,59.1,At Risk,Maharashtra,46-55,Male
INV004958,73.2,At Risk,Maharashtra,36-45,Male
INV004959,68.6,At Risk,Delhi,18-25,Female
INV004967,63.2,At Risk,Telangana,26-35,Male
INV004973,55.0,At Risk,Tamil Nadu,26-35,Male
INV004974,52.4,At Risk,Gujarat,56+,Female
INV004978,63.8,At Risk,Uttar Pradesh,46-55,Male
INV004981,49.1,At Risk,Haryana,18-25,Male
INV004983,57.7,At Risk,Madhya Pradesh,26-35,Male
INV004984,75.3,At Risk,Uttar Pradesh,46-55,Female
INV004986,81.3,At Risk,Madhya Pradesh,26-35,Male
INV004992,81.5,At Risk,Rajasthan,26-35,Male
INV004996,46.3,At Risk,Delhi,46-55,Male
INV004997,71.0,At Risk,Tamil Nadu,36-45,Female
